{
  "evaluation_parameters": {},
  "meta": {
    "active_batch_definition": {
      "batch_identifiers": {},
      "data_asset_name": "great_expectations_bigquery_example.FIFA",
      "data_connector_name": "default_inferred_data_connector_name",
      "datasource_name": "bigquery_datasource"
    },
    "batch_markers": {
      "ge_load_time": "20230717T184917.908210Z"
    },
    "batch_spec": {
      "batch_identifiers": {},
      "data_asset_name": "great_expectations_bigquery_example.FIFA",
      "data_asset_name_prefix": "",
      "data_asset_name_suffix": "",
      "include_schema_name": true,
      "schema_name": "great_expectations_bigquery_example",
      "table_name": "FIFA",
      "type": "table"
    },
    "checkpoint_id": null,
    "checkpoint_name": "demo_taxi_fail_chk",
    "expectation_suite_name": "demo_taxi_fail",
    "great_expectations_version": "0.16.13",
    "run_id": {
      "run_name": "20230717-184914-my-run-name-template",
      "run_time": "2023-07-17T18:49:14.985698+00:00"
    },
    "validation_id": null,
    "validation_time": "20230717T184920.764209Z"
  },
  "results": [
    {
      "exception_info": {
        "exception_message": null,
        "exception_traceback": null,
        "raised_exception": false
      },
      "expectation_config": {
        "expectation_context": {
          "description": null
        },
        "expectation_type": "expect_column_values_to_be_between",
        "kwargs": {
          "batch_id": "578e56fca89d0c3a68245f147cc66653",
          "column": "hits",
          "max_value": 300,
          "min_value": 0
        },
        "meta": {}
      },
      "meta": {},
      "result": {
        "element_count": 17981,
        "missing_count": 0,
        "missing_percent": 0.0,
        "partial_unexpected_counts": [
          {
            "count": 1,
            "value": 371
          }
        ],
        "partial_unexpected_list": [
          371
        ],
        "unexpected_count": 1,
        "unexpected_percent": 0.005561425949613482,
        "unexpected_percent_nonmissing": 0.005561425949613482,
        "unexpected_percent_total": 0.005561425949613482
      },
      "success": false
    }
  ],
  "statistics": {
    "evaluated_expectations": 1,
    "success_percent": 0.0,
    "successful_expectations": 0,
    "unsuccessful_expectations": 1
  },
  "success": false
}